detail_page_url,event_count,status,description_found,image_found,reason
https://www.ticketmaster.com/piano-man-las-vegas-nevada-07-24-2026/event/170064C34B354A5F,90,miss,false,false,fetch failed
https://www.greenwichvillagecomedyclub.com/shows/2026-07-24-stand-up-comedy-in-new-york-city-1155-pm/,86,hit,true,false,
https://www.ticketmaster.com/mj-live-michael-jackson-tribute-concert-las-vegas-nevada-07-24-2026/event/3900634181FC77B9,83,miss,false,false,fetch failed
https://www.ticketmaster.com/jabbawockeez-las-vegas-nevada-07-24-2026/event/2E0062FE9A8931FE,78,miss,false,false,fetch failed
https://www.ticketmaster.com/the-australian-bee-gees-vegas-las-vegas-nevada-07-25-2026/event/2E00645AB9671DBB,77,miss,false,false,fetch failed
https://www.ticketmaster.com/the-king-comes-home-las-vegas-nevada-07-24-2026/event/17006499EC7E4F4C,67,miss,false,false,fetch failed
https://www.ticketmaster.com/soul-of-motown-las-vegas-nevada-07-24-2026/event/17006499E49B1EF7,58,miss,false,false,fetch failed
https://www.ticketmaster.com/carpenters-legacy-las-vegas-nevada-07-24-2026/event/170064C302BC5B8E,57,miss,false,false,fetch failed
https://www.tixr.com/groups/improvasylum/events/improv-asylum-s-main-stage-show-173448,56,miss,false,false,fetch failed
https://www.ticketmaster.com/penn-teller-las-vegas-nevada-07-24-2026/event/39006429D2DCAE00,40,miss,false,false,fetch failed
https://www.ticketmaster.com/purple-reign-prince-tribute-las-vegas-nevada-07-28-2026/event/17006367E38BE1A4,37,miss,false,false,fetch failed
https://www.ticketmaster.com/the-rat-pack-is-back-las-las-vegas-nevada-07-24-2026/event/390064BBD64F650E,35,miss,false,false,fetch failed
https://www.ticketmaster.com/donny-las-vegas-nevada-09-01-2026/event/39006431D265C807,30,miss,false,false,fetch failed
https://www.ticketweb.com/event/tbdtbd-kingston-mines-chicago-tickets/14051174,28,miss,false,false,no usable og/meta tags
https://www.ticketmaster.com/mj-live-michael-jackson-tribute-concert-las-vegas-nevada-09-21-2026/event/170064EE883372ED,27,miss,false,false,fetch failed
https://www.ticketmaster.com/harry-styles-together-together-new-york-new-york-08-26-2026/event/3B0064350404814E,25,miss,false,false,fetch failed
https://www.ticketmaster.com/sin-city-stones-las-vegas-nevada-07-25-2026/event/3900634EA9B795DB,25,miss,false,false,fetch failed
https://colesbarchicago.com/shows/comedy-open-mic-july-29-2026-717972,23,hit,false,true,
https://www.ticketmaster.com/wayne-up-close-personal-las-vegas-nevada-09-05-2026/event/3900634F9EAF9817,21,miss,false,false,fetch failed
https://www.ticketmaster.com/barry-manilow-las-vegas-nevada-08-20-2026/event/170062F0FD2462B0,18,miss,false,false,fetch failed
https://www.universe.com/events/punk-rock-brunch-90-s-y2k-anthems-tickets-VHXTN7?ref=ticketmaster,18,miss,false,false,no usable og/meta tags
https://www.ticketmaster.com/backstreet-boys-into-the-millennium-las-vegas-nevada-07-24-2026/event/17006439CB1FEF4D,17,miss,false,false,fetch failed
https://gothamcomedyclub.com/events/the-gotham-all-stars2526qpcmofp,15,miss,false,false,no usable og/meta tags
https://www.ticketmaster.com/event/Z7r9jZ1A7P4j_,14,miss,false,false,fetch failed
https://www.cmwbrewery.com/events-calendar/z27ldjpcy7934f7-bctaf-c4zsy-7txlm-8e648-psl4m-p6dzr-8lpls-nteyt-5p9j5-92xr2-f3e35-x5dtl-2hm2y-x536x-5bf2f-3dp8j-rxsre-mnngg-j48nl-fawrd-53lzt-9jz7p-zdh2y-zy9k5-h3bep-zlkzy-3es5n-3zmme-778n4,14,hit,true,false,
https://www.cmwbrewery.com/events-calendar/motogarden-7cl8e-wjxts-88bfe-8fhhh-2ptsz-5nzxa-t5e2l-w46ky-l47dt-36s9f-ryajr-65gd6-zpglr-4w36e-czn72-5d8eg-k79ya-2738p-kt297-3ewlx-jaglc-kttm7-wfcxr-blpnn-jgpbf-lmbww,14,hit,true,false,
https://www.gofevo.com/event/BackstreetBoysSphere072426,14,miss,false,false,no usable og/meta tags
https://www.ticketweb.com/event/live-weekly-bluegrass-with-lucindas-tickets/13950354,13,miss,false,false,no usable og/meta tags
https://www.greenwichvillagecomedyclub.com/shows/2026-07-25-stand-up-comedy-in-greenwich-village-first-stop-saturday-500-pm/,13,hit,true,false,
https://www.ticketweb.com/event/sunday-songwriters-open-mic-every-lucindas-tickets/13952534,13,miss,false,false,no usable og/meta tags
https://www.ticketweb.com/event/-live-band-country-lucindas-tickets/14976653,13,miss,false,false,no usable og/meta tags
https://www.cmwbrewery.com/events-calendar/w6d25l8yg47wc42-s9bj4-znpb5-ltfpl-3khhl-ws557-gbx4n-scew9-gg4tz-lfckw-wrfez-nzehm-nlt5d-kbar2-w2pra-kc4hk-c3bfe-9fmxd-4at8p-sapk4-ra3gp-cwtsl-yalhl-r2fez-phrga-z47f5-32y5s-t7g5r-flx8m-w924b-355tf,13,hit,true,false,
https://www.ticketweb.com/event/ladies-night-2026-stampede-tickets/14153024,13,miss,false,false,no usable og/meta tags
https://www.ticketweb.com/event/salsa-bachata-sundays-la-rumba-tickets/14035014,13,miss,false,false,no usable og/meta tags
https://www.ticketweb.com/event/sabados-sabrosos-la-rumba-tickets/14035704,13,miss,false,false,no usable og/meta tags
https://www.ticketweb.com/event/ladies-night-noche-sonidera-la-rumba-tickets/14035964,13,miss,false,false,no usable og/meta tags
https://www.greenwichvillagecomedyclub.com/shows/2026-07-29-new-york-queer-comedy-700-pm-2/,12,hit,true,false,
https://stemciders.com/event/sunset-sessions/2026-07-24/,12,hit,true,true,
https://www.ticketweb.com/event/5-thursdays-la-rumba-tickets/14036474,12,miss,false,false,no usable og/meta tags
https://www.greenwichvillagecomedyclub.com/shows/2026-07-31-stand-up-comedy-in-greenwich-village-first-stop-friday-600-pm/,12,hit,true,false,
https://www.greenwichvillagecomedyclub.com/shows/2026-07-26-the-comedy-lab-where-comedy-legends-and-rising-stars-collide-500-pm/,12,hit,true,false,
https://www.dockstreetbeer.com/event-listings/line-dancing-rowdy-cowboys-july-28,11,hit,true,false,
https://www.ticketmaster.com/marc-anthony-vegas-my-way-las-vegas-nevada-07-24-2026/event/17006361D8EBA00D,11,miss,false,false,fetch failed
https://ad.doubleclick.net/ddm/clk/626296690;432897382;b;dc_transparent=1;?https://travel.ticketmaster.com/tm-event/17006361D8EBA00D?_uid=53477f82-54f0-4429-b7af-746146806a86&utm_source=FB&utm_medium=TM_ADP_MarcAnthonyFeb24,11,miss,false,false,no usable og/meta tags
https://www.tixr.com/groups/improvasylum/events/house-teams-194529,10,miss,false,false,fetch failed
https://www.rightproperbrewing.com/our-events/weekly-trivia-at-taproom-0729,10,hit,true,false,
https://www.ticketweb.com/event/the-world-famous-harlem-gospel-blue-note-jazz-club-tickets/14777403,10,miss,false,false,no usable og/meta tags
https://idlehandscraftales.com/events/l4tcpjw2jjnpxhz-a5nyp-4nrxd-mpkgp-7m3pp-mzjsa-w5tyj-7a4l4,10,hit,true,false,
https://www.ticketweb.com/event/open-mic-show-tell-the-southgate-house-revival-tickets/14874383,10,miss,false,false,no usable og/meta tags
https://santamonica.harvelles.com/shows/374231,10,miss,false,false,no usable og/meta tags
https://santamonica.harvelles.com/shows/374226,10,miss,false,false,no usable og/meta tags
https://santamonica.harvelles.com/shows/374236,10,miss,false,false,no usable og/meta tags
https://santamonica.harvelles.com/shows/374242,10,miss,false,false,no usable og/meta tags
https://www.broadwaycomedyclub.com/shows/2026-07-25-the-broadway-magic-hour-with-jim-vines-carl-mercurio-200-pm/,9,hit,true,false,
https://www.dockstreetbeer.com/event-listings/quizzo-with-john-philly-quizzo-july-30,9,hit,true,false,
https://www.freddysbar.com/events/the-fun-mic-alexs-comedy-open-mic-every-monday-1-pypse-g6dfk-egep4-23r9h-sts6k-zjlzd-mypgx-7hjhd-nb74x-d6mjw-bngsj-pk9cr-5g2d3-7hebt-hht7n-eag8t-g28xl-89364-hs57y-89sy6-7w2ee-xnray-k8p5p-4f2ta,9,miss,false,false,no usable og/meta tags
https://deeringestate.org/events/ghost-tours/,9,hit,true,true,
https://www.ticketmaster.com/spazmatics-80s-immersive-experience-las-vegas-nevada-07-25-2026/event/17006445DF559FB8,9,miss,false,false,fetch failed
https://sf-eagle.com/events/drag-race-all-stars-watch-party/,9,hit,true,true,
https://sf-eagle.com/events/karaoke-with-dana-10012754/,8,hit,true,true,
https://crafthousepgh.com/name-that-tune-trivia-%e2%88%99-august-5-2026/,8,hit,true,true,
https://www.ticketmaster.com/new-kids-on-the-block-the-las-vegas-nevada-10-02-2026/event/2E006358A8160E21,8,miss,false,false,fetch failed
https://www.ticketmaster.com/siriusxm-presents-an-intimate-evening-with-las-vegas-nevada-09-16-2026/event/170064A59F34CA47,8,miss,false,false,fetch failed
https://www.ticketmaster.com/kelly-clarkson-studio-sessions-the-las-las-vegas-nevada-07-24-2026/event/39006244E38C5573,8,miss,false,false,fetch failed
https://www.ticketmaster.com/scorpions-coming-home-to-las-vegas-las-vegas-nevada-09-17-2026/event/3900644CEE3E6510,8,miss,false,false,fetch failed
https://kungfunecktie.com/event/emo-night-philly-157/kung-fu-necktie-kfn/philadelphia-pennsylvania/,8,hit,true,false,
https://dangerousmanbrewing.com/event/sporcle-pub-quiz/,8,hit,true,true,
https://www.ticketmaster.com/event/Z7r9jZ1A70-j_,7,miss,false,false,fetch failed
https://www.ticketmaster.com/ben-harper-the-innocent-criminals-chicago-illinois-09-29-2026/event/04006441D90E8B7C,7,miss,false,false,fetch failed
https://www.ticketmaster.com/my-morning-jacket-san-francisco-california-10-03-2026/event/1C0064761A40801B,7,miss,false,false,fetch failed
https://crafthousepgh.com/bar-bingo-%e2%88%99-july-28-2026/,7,hit,true,true,
https://www.ticketmaster.com/carin-leon-las-vegas-nevada-09-04-2026/event/170063289EED20DF,7,miss,false,false,fetch failed
https://sf-eagle.com/events/beer-bust-3-34-2/,7,hit,true,true,
https://www.ticketmaster.com/event/Z7r9jZ1A7qx_S,7,miss,false,false,fetch failed
https://dangerousmanbrewing.com/event/the-initials-game-live/,7,hit,true,true,
https://www.biscuitsandblues.com/find-a-show/20260728thewestcoastbluesrevue,6,hit,true,true,
https://www.broadwaycomedyclub.com/shows/2026-07-31-south-asian-comedy-laughing-lassi-700-pm/,6,hit,true,false,
https://artsatthearmory.org/events/west-coast-swing-training-2026-07-27/,6,hit,true,false,
https://gothamcomedyclub.com/events/the-gotham-all-stars-the-vintage-lounge-26akfbv0j,6,miss,false,false,no usable og/meta tags
https://www.triplecbrewing.com/live-music-events/2025/6/23/monday-trivia-with-mindless-minutia-dfl8b-6ktjc-4ggfx-kskhj-6ktbx-67glp-t24kb-86hem-mcahl-kyahs-r3h3e-zpwlx-nfkjx-jy6jr-ga55n-bnk6w-ctllt-p58wm-l4p5c-2kxk9-7zn3h-mc994-phsbz-nfh5x,6,hit,true,true,
https://www.ticketmaster.com/event/Z7r9jZ1A7rb-9,6,miss,false,false,fetch failed
https://www.ticketweb.com/event/dizzy-gillespie-all-star-big-blue-note-jazz-club-tickets/14791843,6,miss,false,false,no usable og/meta tags
https://www.ticketweb.com/event/arturo-sandoval-blue-note-jazz-club-tickets/14640053,6,miss,false,false,no usable og/meta tags
https://www.triplecbrewing.com/live-music-events/2026/1/5/dance-with-me-at-triple-c-bg75d-fhlsb-ek79y-bbyxc-pbmzc-kegdf-bplp9-aw9t5-5ylya-8zzjc-st969-ma83l-gzkn2-hdjmn-heeck-dka5s-tdeja-42d4t-mba5b-r2n6t-9tl37-ejg78,6,hit,true,true,
https://www.ticketweb.com/event/day-out-with-thomas-tm-colorado-railroad-museum-tickets/14984283,6,miss,false,false,no usable og/meta tags
https://travel.ticketmaster.com/en-US/package-forward/92442532?_uid=2d1a81bc-09c6-45ae-ba80-43c6cfcac5ca&utm_source=Caesars_TM&utm_medium=TM_ADP_Jeezy0724,6,miss,false,false,no usable og/meta tags
https://www.ticketmaster.com/dolly-live-in-las-vegas-las-vegas-nevada-09-17-2026/event/390062D3C3C10FA5,6,miss,false,false,fetch failed
https://www.ticketmaster.com/rod-stewart-the-encore-shows-las-las-vegas-nevada-08-18-2026/event/3900646BA3F1245B,6,miss,false,false,fetch failed
https://travel.ticketmaster.com/en-US/package-forward/9490639?_uid=2d1a81bc-09c6-45ae-ba80-43c6cfcac5ca&utm_source=Caesars_TM&utm_medium=TM_ADP_KellyClarkson0724,6,miss,false,false,no usable og/meta tags
https://www.ticketmaster.com/jeezy-the-legend-of-the-snowman-las-vegas-nevada-07-24-2026/event/39006497FB34E7B2,6,miss,false,false,fetch failed
https://www.ticketmaster.com/the-swinging-bronx-wanderers-las-vegas-nevada-07-24-2026/event/1700649ECF5B7D1B,6,miss,false,false,fetch failed
https://www.ticketmaster.com/human-nature-back-to-the-sound-las-vegas-nevada-07-31-2026/event/1700649EDA90B272,6,miss,false,false,fetch failed
https://www.gofevo.com/event/MetallicaatSphere100126,6,miss,false,false,no usable og/meta tags
https://www.ticketmaster.com/metallica-life-burns-faster-las-vegas-nevada-10-01-2026/event/17006455FF4FD561,6,miss,false,false,fetch failed
https://www.gofevo.com/event/CarinLeon1,6,miss,false,false,no usable og/meta tags
https://uncommonground.com/events-page/bteb5sdmm6298x2-f5747-sgexh-jwexj-8yx53-c5t74-lb6g8-z3lsl-lhztm-69g6x-7xjz6-zf5sh-b5sl8-sw5fr-w4yxe-6rx8y-zbz98-5a44n-tgrns-xfk3g-xs5nr-hwrr4-fny6s-tsj8j-klafn,6,hit,true,false,
https://kungfunecktie.com/event/taking-back-indie-the-emo-indie-nite-38/kung-fu-necktie-kfn/philadelphia-pennsylvania/,6,hit,true,false,
https://colesbarchicago.com/shows/missspoken-july-27-2026-691239,6,hit,true,true,
https://www.jazzshowcase.com/nowplaying/wdcb-4r8d3-956tk-pmc5x-zayen-ezstl-ljmj7-z3fyb-f2fpr-k9zbp-swfan-f4zs2-m2n62-jzerc-j6847-cxxlb-8zm59-7rhal-bwcpb-6d968-6bfdn-s4z5a-834ek-yh5c2-9rb44-8rgh9-r38xj-3jydh-l4p6g-43ea6-mche-6tdn4,6,miss,false,false,no usable og/meta tags
https://www.ticketweb.com/event/dj-bmf-lil-indies-tickets/14217094,6,miss,false,false,no usable og/meta tags
https://www.ticketmaster.com/bruno-mars-the-romantic-tour-inglewood-california-09-30-2026/event/0A006451D6B8C1D4,5,miss,false,false,fetch failed
https://www.ticketmaster.com/rufus-du-sol-north-america-2026-inglewood-california-08-06-2026/event/0900644BFCB72440,5,miss,false,false,fetch failed
https://tickets.citywinery.com/event/boston-vinofile-plus-pick-up-party-exf2c4,5,hit,true,true,
https://artsatthearmory.org/events/smut-slam-3-2026-08-04/,5,hit,true,false,
https://www.lowlandsbar.com/events/bdhf5x8llgntsd5ye4hx4mmzetcls2-jeblx-a552l-lbrg9,5,miss,false,false,no usable og/meta tags
https://www.ticketmaster.com/event/Z7r9jZ1A7xo8N,5,miss,false,false,fetch failed
https://www.ticketmaster.com/event/Z7r9jZ1A7-VuN,5,miss,false,false,fetch failed
https://www.mjqofficial.com/events/gshb438weftdcnf-5snrc-xjdak-chaas-xc433-9r94f-nmbw7-ra9d2-stftl,5,hit,true,true,
https://www.mjqofficial.com/events/28hc746sf5a9zg6-dpy2b-4ylsj-j8x37-256f4-kmad2-9kfh6-6trtt-fkdp9-663ys-39cwe-b5cjk-6p5tm-9h7p6-s8n7b-6hwp8-sh4lz-k8fjr-jznpn-ctwh4-cx9xj-hfxd7-jzr73-nbwmb-be5zp-y4khl-a73tg-dpsw3,5,hit,true,false,
https://www.cmwbrewery.com/events-calendar/breakfast-club-1-79szl-4564t-ggybc-rda24,5,hit,true,true,
https://neofuturists.org/events/theinfinitewrench/,5,hit,true,true,
https://www.tixr.com/groups/improvasylum/events/the-main-stage-show-free-summer-wednesdays--191108,5,miss,false,false,fetch failed
https://www.ticketmaster.com/terrapin-flyer-chicago-illinois-08-02-2026/event/040064B0ADE4BA2D,5,miss,false,false,fetch failed
https://tickets.citywinery.com/event/music-bingo-80s-90s-2000s-and-today-t89g17,5,hit,true,true,
https://www.ticketmaster.com/event/Z7r9jZ1A70_3o,5,miss,false,false,fetch failed
https://deeringestate.org/events/subtropics/,5,hit,true,true,
https://www.triplecbrewing.com/live-music-events/2026/3/24/clt-yoga-club-te34m-63k5d-86zke-3l9hh-eyntc-s4348-7dgfz,5,hit,true,false,
https://www.triplecbrewing.com/live-music-events/7jyxyfdjse2jcfs-3zwtl-zbb95,5,hit,true,true,
https://www.arcadecomedytheater.com/event/level-up-stand-up-24/,5,hit,false,true,
https://www.arcadecomedytheater.com/event/your-act-with-nonsense-15/,5,hit,false,true,
https://www.arcadecomedytheater.com/event/knights-of-the-arcade-epic-dd-adventure-26/,5,hit,false,true,
https://www.arcadecomedytheater.com/event/stand-up-lab-3/,5,hit,false,true,
https://woodenrobotbrewery.com/event/copy-noda-neighborhood-meeting-2026-08-04/,5,hit,true,false,
https://www.ticketmaster.com/sammy-hagar-the-best-of-all-las-vegas-nevada-09-18-2026/event/2E006329A99E8016,5,miss,false,false,fetch failed
https://www.ticketmaster.com/mary-j-blige-my-life-my-las-vegas-nevada-08-28-2026/event/2E006495D2FD2276,5,miss,false,false,fetch failed
https://boxiparklakenona.com/event-schedule/dj-astylez-5/,5,hit,false,true,
https://boxiparklakenona.com/event-schedule/family-fun-day-33/,5,hit,false,true,
https://www.ticketmaster.com/josh-groban-gems-the-las-vegas-las-vegas-nevada-10-02-2026/event/39006445F8525B8F,5,miss,false,false,fetch failed
https://travel.ticketmaster.com/en-US/package-forward/78902495?_uid=53477f82-54f0-4429-b7af-746146806a86&utm_source=FB&utm_medium=TM_ADP_BillyIdol0828,5,miss,false,false,no usable og/meta tags
https://www.ticketmaster.com/billy-idol-hot-in-the-city-las-vegas-nevada-08-28-2026/event/1700646DB7C28B9A,5,miss,false,false,fetch failed
https://santamonica.harvelles.com/shows/376219,5,miss,false,false,no usable og/meta tags
https://monumentcitybrewing.com/event/thursday-neighborhood-happy-hour/2026-07-30/,5,miss,false,false,no usable og/meta tags
https://www.jazzshowcase.com/nowplaying/sabertooth-t8kcr-ce59t-x2geb-m397b,5,hit,false,true,
https://www.jazzshowcase.com/nowplaying/cjo2025-6aklg-ry8c4-az3fk-9b8xj-7cwrh-cd45c-7agwc-gpnbz-pxftb-6dbex-mjz3b-jd3ly-r6tje-47cet-gdeap,5,hit,false,true,
https://www.jazzshowcase.com/nowplaying/petra-recession-seven-epy66-xl6gs-mcz77-p9h2b-gp2s6-gxrc7-m43n2-slpze-5bkhx-r7y7z-29t9c-xf6t6-ccd7j-7r7md-3g4e9-jggrg-kd59z-7yfxj-3ywkb-hzbgn-lgd6z-ad8km-jfb59,5,miss,false,false,no usable og/meta tags
https://ballandchainmiami.com/event/the-ball-chain-trio-2-2-2/2026-07-24/,5,hit,true,false,
https://thenash.org/events/jazz-casual-thursday-with-charles-lewis-his-trio-57/,5,miss,false,false,no usable og/meta tags
https://www.ticketweb.com/event/the-moss-park-strings-lil-indies-tickets/14227834,5,miss,false,false,no usable og/meta tags
https://www.ticketweb.com/event/indie-900-jam-lil-indies-tickets/14216704,5,miss,false,false,no usable og/meta tags
https://www.twilightcafeandbar.com/event/463789/Wicked-Wednesday-w-DJ-Barbie-Saint-DJ-Speedo,5,miss,false,false,no usable og/meta tags
https://mississippipizza.com/event/free-trivia-sippi-weekly-quiz-night-46/,5,hit,true,false,
https://mississippipizza.com/event/mango-twist-live-music-dancing-9/,5,hit,true,false,
https://www.ticketmaster.com/rush-fifty-something-new-york-new-york-07-28-2026/event/3B00634413D831F2,4,miss,false,false,fetch failed
https://www.ticketmaster.com/olivia-dean-the-art-of-loving-new-york-new-york-08-14-2026/event/3B00636DC6D75B6C,4,miss,false,false,fetch failed
https://www.ticketmaster.com/bts-world-tour-arirang-in-los-inglewood-california-09-01-2026/event/0A006429AB3C5EF1,4,miss,false,false,fetch failed
https://www.broadwaycomedyclub.com/shows/2026-08-07-a-asian-stand-up-comedy-show-at-broadway-club-800-pm/,4,hit,true,false,
https://www.terraza7.com/detalles-y-registro/roman-diaz-la-rumba-de-los-lunes-4,4,hit,true,false,
https://www.ticketweb.com/event/day-out-with-thomas-tm-museum-of-the-american-railroad-tickets/14748893,4,miss,false,false,no usable og/meta tags
https://www.ticketmaster.com/violent-femmes-45-years-of-violent-los-angeles-california-07-28-2026/event/09006490BF5197C8,4,miss,false,false,fetch failed
https://moonshinebeachsd.com/event/?id=1754707&dt=260728&ve=beach&rm=0,4,miss,false,false,no usable og/meta tags
https://www.broadwaycomedyclub.com/shows/2026-09-18-audrey-mora-presenta-standriendo-900-pm/,4,hit,true,false,
https://www.ticketmaster.com/event/Z7r9jZ1A7r4bU,4,miss,false,false,fetch failed
https://www.ticketmaster.com/event/Z7r9jZ1A7OSqE,4,miss,false,false,fetch failed
https://www.ticketmaster.com/phish-new-york-new-york-07-24-2026/event/3B00644DC1D36EA7,4,miss,false,false,fetch failed
https://www.ticketmaster.com/the-moth-storyslam-brooklyn-new-york-07-29-2026/event/300064BBAC9D90AB,4,miss,false,false,fetch failed
https://www.wholeworldtheatre.com/show/the-classic-improv-show/2026-07-24/,4,hit,true,true,
https://www.cmwbrewery.com/events-calendar/dj-cortez,4,miss,false,false,no usable og/meta tags
https://www.ticketweb.com/event/mamma-mia-bottomless-brunch-at-ellens-stardust-theater-tickets/14207014,4,miss,false,false,no usable og/meta tags
https://www.ticketmaster.com/event/Z7r9jZ1A7-tJA,4,miss,false,false,fetch failed
https://www.ticketmaster.com/event/Z7r9jZ1A7P0fN,4,miss,false,false,fetch failed
https://www.freddysbar.com/events/fourth-sunday-traditional-irish-music-jam,4,miss,false,false,no usable og/meta tags
https://on.fgtix.com/trk/jADP,4,miss,false,false,no usable og/meta tags
https://www.ticketmaster.com/bruno-mars-the-romantic-tour-east-rutherford-new-jersey-08-21-2026/event/0000639EE07FD3B7,4,miss,false,false,fetch failed
https://www.ticketweb.com/event/kenny-garrett-blue-note-jazz-club-tickets/14948733,4,miss,false,false,no usable og/meta tags
https://www.ticketweb.com/event/hiromi-the-piano-quintet-feat-blue-note-jazz-club-tickets/14810103,4,miss,false,false,no usable og/meta tags
https://www.ticketmaster.com/frank-turner-lost-evenings-ix-dallas-texas-09-24-2026/event/0C006337933B20E3,4,miss,false,false,fetch failed
https://www.ticketweb.com/event/line-dance-lessons-at-diamondback-diamondback-music-hall-tickets/14921873,4,miss,false,false,no usable og/meta tags
https://deeringestate.org/events/mini-camp/,4,hit,true,true,
https://www.triplecbrewing.com/live-music-events/2026/2/12/triple-c-beer-runners-zxn3m-59cs8-68alk-883dh-hd43b-h6yhy-ybjfc-2zdne-hpdpz-fd394-8g7re-8zxc4-ll625-awea8-ksext,4,hit,true,false,
https://www.arcadecomedytheater.com/event/comedy-confidential-with-brittany-alexis-13/,4,hit,false,true,
https://www.arcadecomedytheater.com/event/under-the-radar-independent-pittsburgh-improv-16/,4,hit,false,true,
https://www.arcadecomedytheater.com/event/penny-arcade-kids-comedy-show-25/,4,hit,false,true,
https://www.arcadecomedytheater.com/event/comedy-bingo-night-with-barbara-a-mother-3/,4,hit,false,true,
https://crafthousepgh.com/late-night-happy-hour-%e2%88%99-july-24-2026/,4,hit,true,true,
https://www.treetix.com/event?id=204202&cal=highwatermark,4,hit,false,true,
https://portland.heliumcomedy.com/shows/364620,4,miss,false,false,no usable og/meta tags
https://portland.heliumcomedy.com/shows/378355,4,miss,false,false,no usable og/meta tags
https://www.ticketweb.com/event/hard-swingin-country-soiree-with-lil-indies-tickets/14216914,4,miss,false,false,no usable og/meta tags
https://portland.heliumcomedy.com/shows/372585,4,miss,false,false,no usable og/meta tags
https://www.tixr.com/groups/hiddenhall/events/western-wednesdays-country-dance-night-182260,4,miss,false,false,fetch failed
https://www.ticketmaster.com/morrissey-live-in-concert-las-vegas-nevada-08-14-2026/event/17006496B69CB0C3,4,miss,false,false,fetch failed
https://portland.heliumcomedy.com/shows/370294,4,miss,false,false,no usable og/meta tags
https://www.ticketmaster.com/boyz-ii-men-las-vegas-nevada-08-14-2026/event/17006443AA45D69A,4,miss,false,false,fetch failed
https://www.ticketmaster.com/earth-wind-fire-las-vegas-nevada-10-16-2026/event/17006465DF19250E,4,miss,false,false,fetch failed
https://www.ticketmaster.com/bohemian-queen-las-vegas-nevada-09-03-2026/event/170064CECEBDADE1,4,miss,false,false,fetch failed
https://www.ticketmaster.com/fourever-fab-a-tribute-to-the-las-vegas-nevada-08-20-2026/event/170064BEB085C635,4,miss,false,false,fetch failed
https://www.ticketmaster.com/the-lion-and-the-mouse-atlanta-georgia-07-25-2026/event/0E0064BCE19E3074,4,miss,false,false,fetch failed
https://on.fgtix.com/trk/g3Nfc,4,miss,false,false,no usable og/meta tags
https://sf-eagle.com/events/satyricon/,4,hit,true,true,
https://on.fgtix.com/trk/UtcFb,4,miss,false,false,no usable og/meta tags
https://andysjazzclub.com/events/2nd-set-w-calligram-records-anniversary-festival/,4,hit,true,false,
https://andysjazzclub.com/events/1st-set-w-calligram-records-anniversary-festival/,4,hit,true,false,
https://andysjazzclub.com/events/late-night-concert-series-w-calligram-records-2/,4,hit,true,false,
https://www.jazzshowcase.com/nowplaying/soul-message-trio-augst,4,miss,false,false,no usable og/meta tags
https://www.jazzshowcase.com/nowplaying/gabriel-wade-quintet-pw965-bjjdn-rj3sn,4,hit,false,true,
https://www.ticketmaster.com/jill-scott-to-whom-this-may-philadelphia-pennsylvania-07-24-2026/event/02006464D6483C44,4,miss,false,false,fetch failed
https://www.ticketweb.com/event/the-jk-trio-lil-indies-tickets/14217044,4,miss,false,false,no usable og/meta tags
https://www.ticketweb.com/event/nestos-jazz-trio-lil-indies-tickets/14272844,4,miss,false,false,no usable og/meta tags
https://on-rotation.com/events/reverse-happy-hour/var/ri-424.l-L1,3,hit,true,false,
https://www.ticketmaster.com/mumford-sons-prizefighter-tour-new-york-new-york-08-11-2026/event/3B006453C12C5430,3,miss,false,false,fetch failed
https://www.ticketmaster.com/event/Z7r9jZ1A70vqI,3,miss,false,false,fetch failed
https://www.terraza7.com/detalles-y-registro/argentinian-jam-by-emilio-teubal-tango-jazz-jam-1,3,hit,true,false,
https://www.terraza7.com/detalles-y-registro/bebop-latin-jazz-jam-by-john-benitez-3,3,hit,true,false,
https://www.ticketweb.com/event/day-out-with-thomas-tm-northwest-railway-museum-tickets/14815153,3,miss,false,false,no usable og/meta tags
https://portland.heliumcomedy.com/shows/375094,3,miss,false,false,no usable og/meta tags
https://www.terraza7.com/detalles-y-registro/eric-sterns-cuban-jazz-project-second-set,3,hit,true,false,
https://www.terraza7.com/detalles-y-registro/gerardo-contino-timba-cubana-second-set,3,hit,true,false,
https://www.terraza7.com/detalles-y-registro/la-rumba-de-santa-afro-cuban-1,3,hit,true,false,
https://www.terraza7.com/detalles-y-registro/gerardo-contino-timba-cubana-first-set,3,hit,true,false,
https://tickets.citywinery.com/event/demola-live-lk71kw,3,hit,true,true,
https://www.ticketmaster.com/karol-g-viajando-por-el-mundo-inglewood-california-08-14-2026/event/0A0064904B5EEA09,3,miss,false,false,fetch failed
https://www.ticketmaster.com/event/Z7r9jZ1A7x909,3,miss,false,false,fetch failed
https://www.ticketmaster.com/event/Z7r9jZ1A7xae7,3,miss,false,false,fetch failed
https://www.ticketmaster.com/event/Z7r9jZ1A70wbv,3,miss,false,false,fetch failed
https://www.ticketmaster.com/event/Z7r9jZ1A7J8oe,3,miss,false,false,fetch failed
https://www.ticketweb.com/event/chingo-bling-arlington-improv-tickets/14099744?REFERRAL_ID=tmfeed,3,miss,false,false,no usable og/meta tags
https://www.ticketmaster.com/the-chicks-taking-the-long-way-new-york-new-york-10-10-2026/event/3B0064BA94562C58,3,miss,false,false,fetch failed
https://portland.heliumcomedy.com/shows/373706,3,miss,false,false,no usable og/meta tags
https://portland.heliumcomedy.com/shows/365420,3,miss,false,false,no usable og/meta tags
https://portland.heliumcomedy.com/shows/372462,3,miss,false,false,no usable og/meta tags
https://www.ticketmaster.com/the-lonely-less-club-presents-eric-new-york-new-york-09-09-2026/event/000064C4AD7BF6CE,3,miss,false,false,fetch failed
https://www.ticketmaster.com/reeve-carney-broadway-divas-dallas-texas-09-03-2026/event/0C0064D9DD07BFE3,3,miss,false,false,fetch failed
https://www.ticketmaster.com/event/Z7r9jZ1A7x8Ap,3,miss,false,false,fetch failed
https://portland.heliumcomedy.com/shows/355141,3,miss,false,false,no usable og/meta tags
https://gossipgrill.com/event/finger-me-friday-2/2026-07-24/,3,hit,true,true,
https://communitybeer.com/event/game-nights-at-community/2026-07-30/,3,hit,true,true,
https://www.toyotacenter.com/events/detail/grupo-duelo,3,miss,false,false,no usable og/meta tags
https://www.terraza7.com/detalles-y-registro/peruvian-night-by-festejation,3,hit,true,false,
https://www.ticketmaster.com/event/Z7r9jZ1A7x87e,3,miss,false,false,fetch failed
https://www.terraza7.com/detalles-y-registro/eric-sterns-cuban-jazz-project-first-set,3,hit,true,false,
https://www.thecomedyclubatduckworths.com/shows/steve-hofstetter-friends-23-aug,3,miss,false,false,no usable og/meta tags
https://danelectros.com/event-archive/karaoke-dec-22-2025-xj9l4-xt8b9-th5rh-7232l-pcb8z-sbk2d-2gtkm-tp4rz-lt65b-dengl-42y7h-cpm44-ntar9-akslj-ftpzf-9r78t-r552w-8k8xh-4me5j-xw9lz-jmgz3-xxga2-rm9k4-b4x88-e8p3m-6dejj-ed9ly-az38d,3,miss,false,false,no usable og/meta tags
https://www.triplecbrewing.com/live-music-events/2026/4/14/mixtape-music-trivia-x67dt-xg9ff-2pls4-4ds79-djrrp-fzs5z-xmftc-hxsnt-7cdj2,3,hit,true,false,
https://www.triplecbrewing.com/live-music-events/2026/2/24/comedy-open-mic-night-pcxt2-l4plg-ff8je,3,hit,true,true,
https://danelectros.com/event-archive/y74pefxabjzwksl,3,hit,false,true,
https://www.ticketmaster.com/event/Z7r9jZ1A7PY7e,3,miss,false,false,fetch failed
https://www.ticketmaster.com/jonas-brothers-the-burning-up-tour-new-york-new-york-08-20-2026/event/3B0064E3B9A9324B,3,miss,false,false,fetch failed
https://www.ticketmaster.com/opening-weekend-with-nathalie-stutzmann-atlanta-georgia-10-01-2026/event/0E0064CBD45A44C6,3,miss,false,false,fetch failed
https://www.ticketmaster.com/flyleaf-with-lacey-sturm-20th-anniversary-anaheim-california-07-30-2026/event/09006451D420FBE8,3,miss,false,false,fetch failed
https://portland.heliumcomedy.com/shows/365502,3,miss,false,false,no usable og/meta tags
https://www.ticketmaster.com/breaking-sound-the-peppermint-club-los-angeles-california-08-05-2026/event/090064BA91375EE8,3,miss,false,false,fetch failed
https://www.ticketmaster.com/jill-scott-to-whom-this-may-chicago-illinois-08-20-2026/event/07006465CC3788DC,3,miss,false,false,fetch failed
https://www.meanwhilebeer.com/events/volleyball-open-free-play-46,3,miss,false,false,no usable og/meta tags
https://www.ticketweb.com/event/mike-wheeler-blues-bandrico-mcfarland-kingston-mines-chicago-tickets/14727273,3,miss,false,false,no usable og/meta tags
https://www.ticketweb.com/event/rico-mcfarland-blues-bandomar-coleman-kingston-mines-chicago-tickets/14050364,3,miss,false,false,no usable og/meta tags
https://www.ticketmaster.com/ariana-grande-the-eternal-sunshine-tour-chicago-illinois-08-03-2026/event/04006319DDEA2CD5,3,miss,false,false,fetch failed
https://www.ticketweb.com/event/arturo-sandoval-10-time-grammy-scullers-jazz-club-tickets/14909583,3,miss,false,false,no usable og/meta tags
https://www.ticketmaster.com/sara-bareilles-the-good-grief-tour-hollywood-california-10-12-2026/event/090064C2D941CF2E,3,miss,false,false,fetch failed
https://www.ticketweb.com/event/john-pizzarelli-regattabar-tickets/14957233?pl=regatta,3,miss,false,false,no usable og/meta tags
https://on.fgtix.com/trk/AuGK,3,miss,false,false,no usable og/meta tags
https://www.ticketweb.com/event/angus-julia-stone-the-masonic-lodge-at-hollywood-tickets/14239054,3,miss,false,false,no usable og/meta tags
https://www.ticketmaster.com/sweet-home-alabama-scottsdale-arizona-10-02-2026/event/190064E89D9B47E0,3,miss,false,false,fetch failed
https://www.terraza7.com/detalles-y-registro/guachinangos-new-york-sounds-of-son-jarocho-first-set,3,hit,true,false,
https://www.ticketweb.com/event/happy-hour-on-the-patio-fitzgeralds-patio-tickets/14196694,3,miss,false,false,no usable og/meta tags
https://www.ticketmaster.com/event/Z7r9jZ1A7OsOb,3,miss,false,false,fetch failed
https://www.ticketmaster.com/britains-finest-scottsdale-arizona-10-16-2026/event/190064E8A3E64DFC,3,miss,false,false,fetch failed
https://portland.heliumcomedy.com/shows/378385,3,miss,false,false,no usable og/meta tags
https://on.fgtix.com/trk/y8SK,3,miss,false,false,no usable og/meta tags
https://on.fgtix.com/trk/v8SK,3,miss,false,false,no usable og/meta tags
https://fergssportsbar.com/event/rays-vs-rangers/2026-07-28/,3,hit,true,true,
https://on.fgtix.com/trk/sILM,3,hit,true,false,
https://www.ticketmaster.com/event/Z7r9jZ1A7x3v3,3,miss,false,false,fetch failed
https://portland.heliumcomedy.com/shows/379706,3,miss,false,false,no usable og/meta tags
https://www.ticketmaster.com/event/Z7r9jZ1A7OSZJ,3,miss,false,false,fetch failed
https://www.ticketmaster.com/event/Z7r9jZ1A7-Zfw,3,miss,false,false,fetch failed
https://fergssportsbar.com/event/rays-vs-guardians-2/2026-07-24/,3,hit,true,true,
https://www.ticketmaster.com/courtney-barnett-creature-of-habit-tour-san-francisco-california-08-26-2026/event/1C00642FE36799E7,3,miss,false,false,fetch failed
https://fergssportsbar.com/event/rays-vs-white-sox/2026-07-31/,3,hit,true,true,
https://iffybooks.net/event/the-writing-room-tues/2026-07-28/,3,miss,false,false,no usable og/meta tags
https://www.ticketweb.com/event/christian-mcbride-ursa-major-blue-note-jazz-club-tickets/14777223,3,miss,false,false,no usable og/meta tags
https://www.ticketweb.com/event/bob-james-blue-note-jazz-club-tickets/14837553,3,miss,false,false,no usable og/meta tags
https://portland.heliumcomedy.com/shows/362080,3,miss,false,false,no usable og/meta tags
https://iffybooks.net/event/li-ion-battery-pack-july-30/,3,miss,false,false,no usable og/meta tags
https://www.ticketweb.com/event/david-murray-quartet-feat-francesca-blue-note-jazz-club-tickets/14938673,3,miss,false,false,no usable og/meta tags
https://portland.heliumcomedy.com/shows/366931,3,miss,false,false,no usable og/meta tags
https://portland.heliumcomedy.com/shows/373724,3,miss,false,false,no usable og/meta tags
https://www.freddysbar.com/events/henry-mena-residency-2nd-saturdays-ek2mf,3,miss,false,false,no usable og/meta tags
https://communitybeer.com/event/sunday-funday-brunch-2/2026-07-26/,3,hit,true,true,
https://www.ticketmaster.com/event/Z7r9jZ1A70w44,3,miss,false,false,fetch failed
https://deeringestate.org/events/historic-kayak-adventure/,3,hit,true,true,
https://www.ticketmaster.com/robert-earl-keen-then-and-now-alexandria-virginia-08-21-2026/event/15006472A4997DF5,3,miss,false,false,fetch failed
https://communitybeer.com/event/trivia-night-2/2026-07-29/,3,hit,true,true,
https://www.triplecbrewing.com/live-music-events/2026/3/25/the-jam-clt-mixtape-l7hl5-2splp-5xlx2-78cx6-6dwp8,3,hit,true,true,
https://deeringestate.org/events/bird-walk/,3,hit,true,true,
https://www.terraza7.com/detalles-y-registro/guachinangos-new-york-sounds-of-son-jarocho-5,3,hit,true,false,
https://deeringestate.org/events/moonlight-tour/,3,hit,true,true,
https://deeringestate.org/events/community-action-days/,3,hit,true,true,
https://deeringestate.org/events/night-hike-campfire/,3,hit,true,true,
https://deeringestate.org/events/wildlife-kayak-adventure/,3,hit,true,true,
https://www.ticketmaster.com/an-evening-with-reba-and-dolly-scottsdale-arizona-08-07-2026/event/1900647AA13056C5,3,miss,false,false,fetch failed
https://www.ticketmaster.com/4nr-foreigner-tribute-scottsdale-arizona-09-04-2026/event/1900647AD76E80D6,3,miss,false,false,fetch failed
https://on.fgtix.com/trk/4iDbc,3,miss,false,false,no usable og/meta tags
https://www.ticketweb.com/event/joe-machi-pittsburgh-improv-tickets/13897994,3,miss,false,false,no usable og/meta tags
https://www.ticketmaster.com/event/Z7r9jZ1A7-tjp,3,miss,false,false,fetch failed
https://portland.heliumcomedy.com/shows/356049,3,miss,false,false,no usable og/meta tags
https://portland.heliumcomedy.com/shows/380305,3,miss,false,false,no usable og/meta tags
https://portland.heliumcomedy.com/shows/372654,3,miss,false,false,no usable og/meta tags
https://portland.heliumcomedy.com/shows/373150,3,miss,false,false,no usable og/meta tags
https://portland.heliumcomedy.com/shows/375111,3,miss,false,false,no usable og/meta tags
https://www.ticketmaster.com/event/Z7r9jZ1A70JGy,3,miss,false,false,fetch failed
https://www.ticketweb.com/event/transmission-an-80s-dark-wave-thunderbird-lounge-tickets/14833163?REFERRAL_ID=tmfeed,3,miss,false,false,no usable og/meta tags
https://portland.heliumcomedy.com/shows/369206,3,miss,false,false,no usable og/meta tags
https://portland.heliumcomedy.com/shows/359977,3,miss,false,false,no usable og/meta tags
https://portland.heliumcomedy.com/shows/332915,3,miss,false,false,no usable og/meta tags
https://www.ticketweb.com/event/disintegration-a-goth-dark-thunderbird-lounge-tickets/14876433?REFERRAL_ID=tmfeed,3,miss,false,false,no usable og/meta tags
https://www.ticketmaster.com/event/Z7r9jZ1A70yxK,3,miss,false,false,fetch failed
https://portland.heliumcomedy.com/shows/370751,3,miss,false,false,no usable og/meta tags
https://portland.heliumcomedy.com/shows/371554,3,miss,false,false,no usable og/meta tags
https://www.ticketmaster.com/event/Z7r9jZ1A70JGN,3,miss,false,false,fetch failed
https://www.ticketmaster.com/the-rb-tour-starring-usher-raymond-las-vegas-nevada-09-05-2026/event/1700648DC48066F0,3,miss,false,false,fetch failed
https://www.ticketweb.com/event/back-to-the-90s-party-thunderbird-lounge-tickets/14875313?REFERRAL_ID=tmfeed,3,miss,false,false,no usable og/meta tags
https://portland.heliumcomedy.com/shows/373258,3,miss,false,false,no usable og/meta tags
https://www.ticketmaster.com/diana-ross-diana-in-motion-las-vegas-nevada-10-02-2026/event/170064EE17858D32,3,miss,false,false,fetch failed
https://www.ticketmaster.com/event/Z7r9jZ1A7J7_-,3,miss,false,false,fetch failed
https://www.freerangebrewing.com/events/figure-drawing-7,3,miss,false,false,no usable og/meta tags
https://www.ticketmaster.com/roger-daltrey-a-great-night-out-las-vegas-nevada-08-26-2026/event/170064A5B2A1F21B,3,miss,false,false,fetch failed
https://www.ticketmaster.com/slayyyter-wort-girl-in-the-world-saint-louis-missouri-07-26-2026/event/06006498AFEE54D3,3,miss,false,false,fetch failed
https://www.ticketmaster.com/event/Z7r9jZ1A7xA80,3,miss,false,false,fetch failed
https://portland.heliumcomedy.com/shows/366718,3,miss,false,false,no usable og/meta tags
https://www.terraza7.com/detalles-y-registro/bebop-latin-jazz-jam-by-john-benitez-6-1,3,hit,true,false,
https://www.ticketmaster.com/event/Z7r9jZ1A7-_fp,3,miss,false,false,fetch failed
https://www.ticketmaster.com/students-at-the-symphony-with-the-atlanta-georgia-09-18-2026/event/0E00649CCABD9B44,3,miss,false,false,fetch failed
https://www.ticketmaster.com/abbacadabra-the-ultimate-abba-tribute-las-vegas-nevada-09-22-2026/event/170064CEDB90BDCA,3,miss,false,false,fetch failed
https://www.ticketmaster.com/just-park-testing-event-atlanta-georgia-07-30-2026/event/200062B0879D17DF,3,miss,false,false,fetch failed
https://www.ticketmaster.com/docksiders-a-yacht-rock-soft-rock-las-vegas-nevada-09-18-2026/event/170064CED790B956,3,miss,false,false,fetch failed
https://portland.heliumcomedy.com/shows/357768,3,miss,false,false,no usable og/meta tags
https://www.ticketmaster.com/donny-edwards-the-next-best-thing-las-vegas-nevada-09-08-2026/event/170064CED1BEB103,3,miss,false,false,fetch failed
https://www.ticketmaster.com/forjoury-tribute-to-foreigner-journey-las-vegas-nevada-08-28-2026/event/170064BEBD54DCA4,3,miss,false,false,fetch failed
https://www.ticketmaster.com/sheena-easton-las-vegas-nevada-08-25-2026/event/170064BEB931D64B,3,miss,false,false,fetch failed
https://www.ticketmaster.com/cant-get-next-to-you-a-las-vegas-nevada-08-07-2026/event/170064BD0132BB53,3,miss,false,false,fetch failed
https://www.ticketmaster.com/ray-lamontagne-trouble-20th-anniversary-tour-new-york-new-york-10-01-2026/event/3B00624CBE1719A0,3,miss,false,false,fetch failed
https://portland.heliumcomedy.com/shows/376385,3,miss,false,false,no usable og/meta tags
https://portland.heliumcomedy.com/shows/376392,3,miss,false,false,no usable og/meta tags
https://idlehandscraftales.com/events/wildfox-pierogi-1-57sn7-amb6y,3,hit,true,false,
https://portland.heliumcomedy.com/shows/362480,3,miss,false,false,no usable og/meta tags
https://www.ticketmaster.com/event/Z7r9jZ1A70P-o,3,miss,false,false,fetch failed
https://idlehandscraftales.com/events/melrose-beer-garden-4,3,miss,false,false,no usable og/meta tags
https://thetexastheatre.com/films-and-events/the-end-of-evangelion-evangelion-30th-movie-fest,3,miss,false,false,no usable og/meta tags
https://jazzcafedetroit.com/events/August-2026/Aretha-s-Jazz-Jam,3,miss,false,false,no usable og/meta tags
https://www.ticketweb.com/event/xmas-every-month-the-southgate-house-revival-tickets/14897213,3,miss,false,false,no usable og/meta tags
https://www.ticketmaster.com/the-righteous-brothers-bringing-back-that-las-vegas-nevada-09-15-2026/event/170064CE019CEF00,3,miss,false,false,fetch failed
https://portland.heliumcomedy.com/shows/347521,3,miss,false,false,no usable og/meta tags
https://johnnybrendas.com/event/jim-e-brown-3/johnny-brendas/philadelphia-pennsylvania/,3,hit,true,false,
https://www.burningbushbrewery.com/upcoming-events/jams-market-deli-residency-aj66c-ff6n3-a3w8y-bjncx-9mdkd-792rg-5wxr3-7b23p-mbhtz-yknn9-592ar,3,hit,true,true,
https://www.ticketmaster.com/event/Z7r9jZ1A7rbqt,3,miss,false,false,fetch failed
https://kungfunecktie.com/event/djsc-27/kung-fu-necktie-kfn/philadelphia-pennsylvania/,3,hit,true,false,
https://portland.heliumcomedy.com/shows/347425,3,miss,false,false,no usable og/meta tags
https://portland.heliumcomedy.com/shows/360889,3,miss,false,false,no usable og/meta tags
https://colesbarchicago.com/shows/perfect-mash-a-dating-show-august-18-2026-691244,3,hit,true,true,
https://www.ticketmaster.com/phoebe-bridgers-the-lost-tour-brooklyn-new-york-09-24-2026/event/300064C47CDE2B82,3,miss,false,false,fetch failed
https://www.jazzshowcase.com/nowplaying/christian-dillingham-121922-pzx3s-kzrx6-n447h-njjxy-pakdd-d6ycr-dtndx-jszxn-mms5f-af5fb-9l5tp-bsx9r-wmcpt,3,hit,false,true,
https://www.jazzshowcase.com/nowplaying/jazzlinks-12821-sg7hl-6hnpz-skmal-n638k-4g9as-zbdhk-zxcdr-4y29j-ys5gd-cak8z-l6hlb-t3yjk-e67me-fsfl9-hppr2-kkfe2-53e4w-7esak-hcpy7-fbzc7-tyt48-2jxxc-w5sma,3,hit,false,true,
https://www.jazzshowcase.com/nowplaying/boblark-12621-gmtn7-je8zn-k8b75-9nr7x-4st8k-w2bbg-ccm6b-3fs7e-zrmhj-4z6bn-janth-9hle5-splph-pkt2c-jjgy6-plltj-629zb-ymapz-378yf-lwbhp-24ywm-mw7h8,3,hit,false,true,
https://portland.heliumcomedy.com/shows/380234,3,miss,false,false,no usable og/meta tags
https://gocomedy.net/calendar/fgcc6abdrm86j4y-xh75x-zh73p-f36xz-zz2sh-sh83w-8zwfd-y8lpx,3,hit,true,true,
https://gocomedy.net/calendar/08052026,3,hit,true,true,
https://www.ticketmaster.com/the-wailin-jennys-alexandria-virginia-09-02-2026/event/15006469A9698C03,3,miss,false,false,fetch failed
https://www.ticketmaster.com/circa-survive-philadelphia-pennsylvania-09-15-2026/event/02006458B12B5B88,3,miss,false,false,fetch failed
https://www.ticketmaster.com/fan-halen-scottsdale-arizona-08-21-2026/event/1900647ACFD17C12,3,miss,false,false,fetch failed
https://www.ticketmaster.com/thats-what-i-like-scottsdale-arizona-07-31-2026/event/1900647A9DD652BC,3,miss,false,false,fetch failed
https://portland.heliumcomedy.com/shows/373390,3,miss,false,false,no usable og/meta tags
https://portland.heliumcomedy.com/shows/364045,3,miss,false,false,no usable og/meta tags
https://portland.heliumcomedy.com/shows/378270,3,miss,false,false,no usable og/meta tags
https://www.ticketmaster.com/phish-commerce-city-colorado-09-04-2026/event/1E00644C89B192C2,3,miss,false,false,fetch failed
https://portland.heliumcomedy.com/shows/378332,3,miss,false,false,no usable og/meta tags
https://on-rotation.com/events/brewery-brunch/var/ri-510.l-L1,2,hit,true,false,
https://www.markethotel.org/events/186319,2,miss,false,false,fetch failed
https://www.ticketmaster.com/event/Z7r9jZ1A70z4x,2,miss,false,false,fetch failed
https://www.ticketmaster.com/hilary-duff-the-lucky-me-tour-new-york-new-york-08-05-2026/event/3B00644B95D7366C,2,miss,false,false,fetch failed
https://www.ticketmaster.com/sting-30-tour-seattle-washington-10-08-2026/event/0F006444A531611F,2,miss,false,false,fetch failed
https://www.ticketmaster.com/daniel-caesar-son-of-spergy-tour-anaheim-california-08-23-2026/event/0900647BCBC1F780,2,miss,false,false,fetch failed
https://www.ticketmaster.com/all-the-feelings-tour-with-metric-brooklyn-new-york-07-30-2026/event/0000643FDF1DF8F9,2,miss,false,false,fetch failed
https://www.terraza7.com/detalles-y-registro/trevor-turla-trio-soul-jazz,2,hit,true,false,
https://www.terraza7.com/detalles-y-registro/elvira-y-la-trietnia-colombian-caribbean-folk-pop-1-1,2,hit,true,false,
https://www.biscuitsandblues.com/find-a-show/20260726thebobbyyoungproject,2,hit,true,true,
https://www.terraza7.com/detalles-y-registro/musiquita-bilingual-music-for-children-1,2,hit,true,false,
https://www.terraza7.com/detalles-y-registro/bebop-latin-jazz-jam-by-john-benitez-5-3,2,hit,true,false,
https://www.ticketmaster.com/event/Z7r9jZ1A7Psxa,2,miss,false,false,fetch failed
https://www.ticketmaster.com/lucki-brooklyn-new-york-09-08-2026/event/000064ACBBFCEB12,2,miss,false,false,fetch failed
https://www.ticketmaster.com/bonnie-raitt-live-2026-with-special-los-angeles-california-10-20-2026/event/0B006468F6E35254,2,miss,false,false,fetch failed
https://www.ticketmaster.com/saint-levant-afandi-world-tour-los-angeles-california-10-13-2026/event/090064E9AC787E1C,2,miss,false,false,fetch failed
https://www.gutterbarbowl.com/spareroom/anny-the-gutter-f4ye2-3s6lt-7xjc2-sh3x6-3ewp5-c4djm-nrjbz,2,hit,true,false,
https://www.terraza7.com/detalles-y-registro/harold-forero-el-indio-moniquireno-costumbrista-musical-monologue,2,hit,true,false,
https://www.biscuitsandblues.com/find-a-show/20260729jonn-del-toro-richardson-unplugged,2,hit,true,true,
https://sf-eagle.com/events/filth-2/,2,hit,true,true,
https://www.ticketmaster.com/event/Z7r9jZ1A7P3ZU,2,miss,false,false,fetch failed
https://www.ticketmaster.com/kelela-new-avatar-live-brooklyn-new-york-10-09-2026/event/000064BCA5E7D31B,2,miss,false,false,fetch failed
https://www.ticketmaster.com/julieta-venegas-los-angeles-california-10-01-2026/event/09006489E4EA204C,2,miss,false,false,fetch failed
https://www.ticketmaster.com/event/Z7r9jZ1A7P3vv,2,miss,false,false,fetch failed
https://www.ticketmaster.com/event/Z7r9jZ1A7-Ueb,2,miss,false,false,fetch failed
https://www.ticketmaster.com/gary-allan-chandler-arizona-10-16-2026/event/190064B598955DD6,2,miss,false,false,fetch failed
https://www.terraza7.com/detalles-y-registro/argentinian-jam-by-emilio-teubal-tango-jazz-jam-3,2,hit,true,false,
https://www.terraza7.com/detalles-y-registro/moneco-chicha-peruana-second-set,2,hit,true,false,
https://www.terraza7.com/detalles-y-registro/guachinangos-new-york-sounds-of-son-jarocho-4,2,hit,true,false,
https://www.ticketmaster.com/comedy-tragedy-parody-dominic-fike-in-los-angeles-california-09-29-2026/event/0900648FC0A9933D,2,miss,false,false,fetch failed
https://www.ticketmaster.com/kelela-new-avatar-live-los-angeles-california-09-21-2026/event/090064BCDD2BF099,2,miss,false,false,fetch failed
https://www.ticketmaster.com/city-pop-waves-casiopea-special-live-los-angeles-california-09-12-2026/event/09006496E6FBAE4A,2,miss,false,false,fetch failed
https://www.ticketmaster.com/joe-dombrowski-brooklyn-new-york-09-11-2026/event/3000647103B46FFF,2,miss,false,false,fetch failed
https://www.gutterbarbowl.com/spareroom/event-one-rrhz3-g9rab-z9frj-d8w6b-722ze-cxk6f-gne3m-ppyec,2,miss,false,false,no usable og/meta tags
https://www.terraza7.com/detalles-y-registro/rumba-cubana-by-roman-diaz-5-1,2,hit,true,false,
https://www.terraza7.com/detalles-y-registro/guachinangos-new-york-sounds-of-son-jarocho-second-set-1,2,hit,true,false,
https://www.ticketmaster.com/she-him-pump-up-the-volumes-new-york-new-york-09-22-2026/event/030064B671930B02,2,miss,false,false,fetch failed
https://www.ticketmaster.com/charli-xcx-music-fashion-film-tour-inglewood-california-10-17-2026/event/090064C5EF12A97C,2,miss,false,false,fetch failed
https://on.fgtix.com/trk/5oHm,2,miss,false,false,no usable og/meta tags
https://www.terraza7.com/detalles-y-registro/palabra-imagen-y-escena-literary-visual-arts-series,2,hit,true,false,
https://on.fgtix.com/trk/IoIYb,2,miss,false,false,no usable og/meta tags
https://www.ticketmaster.com/chris-stapletons-allamerican-road-show-kansas-city-missouri-10-09-2026/event/21006390CCEC1E1D,2,miss,false,false,fetch failed
https://www.ticketmaster.com/pat-benatar-neil-giraldo-chandler-arizona-10-09-2026/event/19006484145AC8E0,2,miss,false,false,fetch failed
https://www.broadwaycomedyclub.com/shows/matty-chymbor/,2,hit,true,false,
https://www.ticketweb.com/event/earlybirds-club-camilles-at-the-bellwether-tickets/14195554,2,miss,false,false,no usable og/meta tags
https://www.thetowerbar.com/calendar/noche-oscura-dj-chuck-terror-diagnostic-mexi-surf-3/,2,miss,false,false,no usable og/meta tags
https://www.ticketmaster.com/the-rb-tour-starring-usher-raymond-inglewood-california-09-25-2026/event/0A006479C16B9A6B,2,miss,false,false,fetch failed
https://www.terraza7.com/detalles-y-registro/roman-diaz-la-rumba-de-queens,2,hit,true,false,
https://www.ticketmaster.com/event/Z7r9jZ1A7J8as,2,miss,false,false,fetch failed
https://www.ticketmaster.com/event/Z7r9jZ1A7-xP4,2,miss,false,false,fetch failed
https://www.ticketmaster.com/uicideboy-present-grey-day-tour-2026-phoenix-arizona-10-08-2026/event/1900647BD82684E6,2,miss,false,false,fetch failed
https://www.ticketmaster.com/robyn-the-sexistential-tour-inglewood-california-09-23-2026/event/0900643CE7CDE833,2,miss,false,false,fetch failed
https://www.ticketmaster.com/buffalo-traffic-jam-pictures-of-you-new-york-new-york-09-30-2026/event/000064AD9DA7CB4B,2,miss,false,false,fetch failed
https://www.ticketmaster.com/julia-wolf-deep-end-world-tour-new-york-new-york-10-02-2026/event/00006481C09DC5A3,2,miss,false,false,fetch failed
https://www.ticketmaster.com/event/Z7r9jZ1A70U-a,2,miss,false,false,fetch failed
https://www.ticketmaster.com/marilyn-manson-san-antonio-texas-10-17-2026/event/3A0064EAAF619CAA,2,miss,false,false,fetch failed
https://www.ticketmaster.com/kacey-musgraves-middle-of-nowhere-tour-dallas-texas-10-10-2026/event/0C00649C8CA27EA5,2,miss,false,false,fetch failed
https://www.terraza7.com/detalles-y-registro/nostalgia-boleros-3-1,2,hit,true,false,
https://www.terraza7.com/detalles-y-registro/machiran-duo-rnb,2,hit,true,false,
https://www.ticketmaster.com/karol-g-viajando-por-el-mundo-east-rutherford-new-jersey-09-17-2026/event/00006491CEE4F36D,2,miss,false,false,fetch failed
https://www.terraza7.com/detalles-y-registro/festejation-peruvian-night-celebration-4,2,hit,true,false,
https://www.terraza7.com/detalles-y-registro/brazilian-jazz-jam-hosted-vinicius-gomes-1,2,hit,true,false,
https://www.ticketmaster.com/the-rb-tour-starring-usher-raymond-houston-texas-10-09-2026/event/3A00648DF578EA61,2,miss,false,false,fetch failed
https://www.ticketmaster.com/jill-scott-to-whom-this-may-irving-texas-09-03-2026/event/0C00646507605663,2,miss,false,false,fetch failed
https://www.ticketmaster.com/die-spitz-brooklyn-new-york-11-13-2026/event/0000645435128B9B,2,miss,false,false,fetch failed
https://www.ticketmaster.com/ben-harper-the-innocent-criminals-new-york-new-york-09-21-2026/event/0000643DFB737FC3,2,miss,false,false,fetch failed
https://tickets.citywinery.com/event/andrew-mcmahon-9ceqrt,2,hit,true,true,
https://www.ticketmaster.com/don-west-new-york-new-york-09-17-2026/event/0000647AF43C4447,2,miss,false,false,fetch failed
https://www.bowerystage.com/events/eric-nam-09-september-2026/,2,hit,true,true,
https://moonshinebeachsd.com/event/?id=401029302281&dt=260724&ve=beach&rm=0,2,miss,false,false,no usable og/meta tags
https://seatgeek.com/bts-tickets/arlington-texas-at-t-stadium-2026-08-15-8-pm/concert/17975621,2,miss,false,false,fetch failed
https://www.ticketmaster.com/passion-pit-the-pretty-penny-tour-los-angeles-california-08-18-2026/event/0900646427E0AC03,2,miss,false,false,fetch failed
https://www.ticketmaster.com/event/Z7r9jZ1A7-NvP,2,miss,false,false,fetch failed
https://on.fgtix.com/trk/urw6b,2,miss,false,false,no usable og/meta tags
https://www.ticketmaster.com/morgan-wallen-still-the-problem-tour-philadelphia-pennsylvania-07-31-2026/event/0200635DC72EC234,2,miss,false,false,fetch failed
https://urbanmos.com/event/skyy-bottle-service-special/2026-07-24/,2,hit,true,true,
https://urbanmos.com/event/rawr-w-jinx-mirage/2026-07-24/,2,hit,true,true,
https://urbanmos.com/event/bubbles-for-brunch-10/,2,hit,true,true,
https://gossipgrill.com/event/smarty-pants-saturday-trivia-brunch/2026-07-25/,2,hit,true,true,
https://www.ticketmaster.com/event/Z7r9jZ1A7O9uI,2,miss,false,false,fetch failed
https://gossipgrill.com/event/sapphic-saturdays/2026-07-25/,2,hit,true,true,
https://gossipgrill.com/event/girls-gays-theys-sundays-2/2026-07-26/,2,hit,true,true,
https://gossipgrill.com/event/karaoke-with-joey-adams-2/2026-07-28/,2,hit,true,true,
https://gossipgrill.com/event/bingo-gone-bonkers-3-2-2-7-2-2-4/2026-07-29/,2,hit,true,true,
https://gossipgrill.com/event/tgiw-with-jocelyn/2026-07-29/,2,hit,true,true,
https://gossipgrill.com/event/thirsty-thursdays/2026-07-30/,2,hit,true,true,
https://urbanmos.com/event/martini-happy-hour-2/2026-07-24/,2,hit,true,true,
https://www.ticketmaster.com/event/Z7r9jZ1A7PwfS,2,miss,false,false,fetch failed
https://www.ticketmaster.com/iron-maiden-run-for-your-lives-los-angeles-california-09-25-2026/event/0A006355C2E05EEB,2,miss,false,false,fetch failed
https://www.ticketmaster.com/robyn-the-sexistential-tour-brooklyn-new-york-09-04-2026/event/30006451804219AB,2,miss,false,false,fetch failed
https://www.terraza7.com/detalles-y-registro/tambacum-tamborito-cumbancha-colombian-pacific-coast-rhythms-1,2,hit,true,false,
https://www.ticketmaster.com/widespread-panic-los-angeles-california-07-24-2026/event/0900646CA6AD9272,2,miss,false,false,fetch failed
https://www.ticketweb.com/event/cold-cave-performing-cremations-the-masonic-lodge-at-hollywood-tickets/14934633,2,miss,false,false,no usable og/meta tags
https://www.ticketweb.com/event/iceage-the-masonic-lodge-at-hollywood-tickets/14904833,2,miss,false,false,no usable og/meta tags
https://www.terraza7.com/detalles-y-registro/max-pollak-friends-the-rumbatap-jam-session,2,miss,false,false,no usable og/meta tags
https://www.ticketmaster.com/she-him-pump-up-the-volumes-los-angeles-california-10-02-2026/event/090064CBDA54F056,2,miss,false,false,fetch failed
https://www.terraza7.com/detalles-y-registro/moneco-chicha-peruana-first-set,2,hit,true,false,
https://www.ticketmaster.com/andrea-bocelli-romanza-30th-anniversary-world-hollywood-california-09-15-2026/event/0B00643AAF963918,2,miss,false,false,fetch failed
https://www.ticketmaster.com/event/Z7r9jZ1A7-EbY,2,miss,false,false,fetch failed
https://www.ticketmaster.com/event/Z7r9jZ1A7xZGM,2,miss,false,false,fetch failed
https://www.ticketweb.com/event/sam-gendel-sam-wilkes-the-masonic-lodge-at-hollywood-tickets/14928123,2,miss,false,false,no usable og/meta tags
https://www.ticketmaster.com/event/Z7r9jZ1A70Nef,2,miss,false,false,fetch failed
https://www.ticketmaster.com/event/Z7r9jZ1A7xZ-o,2,miss,false,false,fetch failed
https://www.ticketmaster.com/elevation-rhythm-washed-tour-boston-massachusetts-09-08-2026/event/010064CCB3C2C2D6,2,miss,false,false,fetch failed
https://www.ticketmaster.com/event/Z7r9jZ1A70yxA,2,miss,false,false,fetch failed
https://www.ticketmaster.com/eggy-boston-late-night-21-boston-massachusetts-07-31-2026/event/01006458C7D2345A,2,miss,false,false,fetch failed
https://www.ticketmaster.com/ray-lamontagne-trouble-20th-anniversary-tour-boston-massachusetts-09-25-2026/event/01006259B61847F4,2,miss,false,false,fetch failed
https://www.ticketmaster.com/sam-barber-the-american-route-tour-boston-massachusetts-09-19-2026/event/01006482FA2B2471,2,miss,false,false,fetch failed
https://www.ticketmaster.com/rush-fifty-something-san-antonio-texas-09-23-2026/event/3A00635195066C5C,2,miss,false,false,fetch failed
https://tickets.citywinery.com/event/cuscampbell-yzg9ey,2,hit,true,true,
https://www.ticketmaster.com/cann-presents-yacht-rock-revue-primetime-boston-massachusetts-08-21-2026/event/0100643A97569B55,2,miss,false,false,fetch failed
https://www.ticketmaster.com/social-distortion-brooklyn-new-york-09-11-2026/event/00006453B599B94E,2,miss,false,false,fetch failed
https://www.ticketweb.com/event/a-phish-after-party-with-cutting-room-tickets/14769353,2,miss,false,false,no usable og/meta tags
https://www.ticketmaster.com/chris-stapletons-allamerican-road-show-platinum-boston-massachusetts-08-14-2026/event/01006425E329B203,2,miss,false,false,fetch failed
https://www.ticketmaster.com/event/Z7r9jZ1A7-kFK,2,miss,false,false,fetch failed
https://www.ticketmaster.com/phish-platinum-tickets-boston-massachusetts-07-31-2026/event/0100644DBCC38663,2,miss,false,false,fetch failed
https://www.ticketmaster.com/event/Z7r9jZ1A7PkbS,2,miss,false,false,fetch failed
https://winniesnyc.com/pete-caldera-2/,2,miss,false,false,fetch failed
https://winniesnyc.com/michael-weiss/,2,miss,false,false,fetch failed
https://winniesnyc.com/high-society-new-orleans-jazz-band/,2,miss,false,false,fetch failed
https://www.ticketmaster.com/event/Z7r9jZ1A7PwPf,2,miss,false,false,fetch failed
https://www.ticketmaster.com/event/Z7r9jZ1A7x6Cf,2,miss,false,false,fetch failed
https://www.axs.com/events/1403831/sam-barber-tickets,2,miss,false,false,fetch failed
https://www.axs.com/events/1468120/joe-russos-almost-dead-tickets?skin=therooftopatpier17,2,miss,false,false,fetch failed
https://danelectros.com/event-archive/houston-blues-society,2,hit,true,true,
https://www.terraza7.com/detalles-y-registro/john-benitez-salsa-project-second-set-2,2,hit,true,false,
https://www.ticketmaster.com/event/Z7r9jZ1A7PEu9,2,miss,false,false,fetch failed
https://www.thedjangonyc.com/events/dave-stryker-18/?selected_date=2026-07-31,2,hit,true,false,
https://artsatthearmory.org/events/dykefest-a-sapphic-arts-festival/,2,hit,true,true,
https://artsatthearmory.org/events/sac-musical-theater-camp-presents-how-to-train-your-dragon-the-musical-jr/,2,hit,true,false,
https://artsatthearmory.org/events/the-nova-comedy-collective-presents-nebula-night-2026-08-14/,2,hit,true,false,
https://artsatthearmory.org/events/improv-comedy-an-evening-of-2026-07-17-2026-08-21/,2,hit,true,false,
https://artsatthearmory.org/events/atomic-comedy-indie-improv-night-2-2026-08-20/,2,hit,true,false,
https://www.ticketmaster.com/latin-music-conference-single-day-ticket-los-angeles-california-09-30-2026/event/0B0064D8E86F5CE3,2,miss,false,false,fetch failed
https://www.ticketmaster.com/cover-boy-loverboy-tribute-suquamish-washington-08-01-2026/event/0F0064947B1638CE,2,miss,false,false,fetch failed